tipo,i,j,t,ativo,valor,F_max,b,R,c_loss,eta_ch,eta_dis,P_ch_max,P_dis_max,E_min,E_max,E0,c_ch,c_dis
BARRA,1.0,,,,,,,,,,,,,,,,,
BARRA,2.0,,,,,,,,,,,,,,,,,
BARRA,3.0,,,,,,,,,,,,,,,,,
BARRA,4.0,,,,,,,,,,,,,,,,,
BARRA,5.0,,,,,,,,,,,,,,,,,
BARRA,6.0,,,,,,,,,,,,,,,,,
BARRA,7.0,,,,,,,,,,,,,,,,,
BARRA,8.0,,,,,,,,,,,,,,,,,
BARRA,9.0,,,,,,,,,,,,,,,,,
BARRA,10.0,,,,,,,,,,,,,,,,,
BARRA,11.0,,,,,,,,,,,,,,,,,
BARRA,12.0,,,,,,,,,,,,,,,,,
BARRA,13.0,,,,,,,,,,,,,,,,,
BARRA,14.0,,,,,,,,,,,,,,,,,
BARRA,15.0,,,,,,,,,,,,,,,,,
BARRA,16.0,,,,,,,,,,,,,,,,,
BARRA,17.0,,,,,,,,,,,,,,,,,
BARRA,18.0,,,,,,,,,,,,,,,,,
BARRA,19.0,,,,,,,,,,,,,,,,,
BARRA,20.0,,,,,,,,,,,,,,,,,
BARRA,21.0,,,,,,,,,,,,,,,,,
BARRA,22.0,,,,,,,,,,,,,,,,,
BARRA,23.0,,,,,,,,,,,,,,,,,
BARRA,24.0,,,,,,,,,,,,,,,,,
BARRA,25.0,,,,,,,,,,,,,,,,,
BARRA,26.0,,,,,,,,,,,,,,,,,
BARRA,27.0,,,,,,,,,,,,,,,,,
BARRA,28.0,,,,,,,,,,,,,,,,,
BARRA,29.0,,,,,,,,,,,,,,,,,
BARRA,30.0,,,,,,,,,,,,,,,,,
BARRA,31.0,,,,,,,,,,,,,,,,,
BARRA,32.0,,,,,,,,,,,,,,,,,
BARRA,33.0,,,,,,,,,,,,,,,,,
LINHA,1.0,2.0,,,,0.8,21.27659574468085,0.0922,450.0,,,,,,,,,
LINHA,2.0,3.0,,,,0.8,3.982477100756671,0.493,450.0,,,,,,,,,
LINHA,3.0,4.0,,,,0.8,5.364806866952789,0.366,450.0,,,,,,,,,
LINHA,4.0,5.0,,,,0.8,5.151983513652756,0.3811,450.0,,,,,,,,,
LINHA,5.0,6.0,,,,0.8,1.4144271570014144,0.819,450.0,,,,,,,,,
LINHA,6.0,7.0,,,,0.8,1.6160310277957337,0.1872,450.0,,,,,,,,,
LINHA,7.0,8.0,,,,0.8,4.253509145044662,0.7114,450.0,,,,,,,,,
LINHA,8.0,9.0,,,,0.8,1.351351351351351,1.03,450.0,,,,,,,,,
LINHA,9.0,10.0,,,,0.8,1.351351351351351,1.044,450.0,,,,,,,,,
LINHA,10.0,11.0,,,,0.8,15.384615384615383,0.1966,450.0,,,,,,,,,
LINHA,11.0,12.0,,,,0.8,8.077544426494347,0.3744,450.0,,,,,,,,,
LINHA,12.0,13.0,,,,0.8,0.8658008658008658,1.468,450.0,,,,,,,,,
LINHA,13.0,14.0,,,,0.8,1.402721279281807,0.5416,450.0,,,,,,,,,
LINHA,14.0,15.0,,,,0.8,1.9011406844106464,0.591,450.0,,,,,,,,,
LINHA,15.0,16.0,,,,0.8,1.8348623853211008,0.7463,450.0,,,,,,,,,
LINHA,16.0,17.0,,,,0.8,0.5810575246949448,1.289,450.0,,,,,,,,,
LINHA,17.0,18.0,,,,0.8,1.7421602787456447,0.732,450.0,,,,,,,,,
LINHA,2.0,19.0,,,,0.8,6.389776357827476,0.164,450.0,,,,,,,,,
LINHA,19.0,20.0,,,,0.8,0.7377895824110964,1.5042,450.0,,,,,,,,,
LINHA,20.0,21.0,,,,0.8,2.0903010033444818,0.4095,450.0,,,,,,,,,
LINHA,21.0,22.0,,,,0.8,1.066894270777766,0.7089,450.0,,,,,,,,,
LINHA,3.0,23.0,,,,0.8,3.243593902043464,0.4512,450.0,,,,,,,,,
LINHA,23.0,24.0,,,,0.8,1.410238330277817,0.898,450.0,,,,,,,,,
LINHA,24.0,25.0,,,,0.8,1.426330052774212,0.896,450.0,,,,,,,,,
LINHA,6.0,26.0,,,,0.8,9.67117988394584,0.203,450.0,,,,,,,,,
LINHA,26.0,27.0,,,,0.8,6.91085003455425,0.2842,450.0,,,,,,,,,
LINHA,27.0,28.0,,,,0.8,1.071007818357074,1.059,450.0,,,,,,,,,
LINHA,28.0,29.0,,,,0.8,1.4273479874393378,0.8042,450.0,,,,,,,,,
LINHA,29.0,30.0,,,,0.8,3.868471953578336,0.5075,450.0,,,,,,,,,
LINHA,30.0,31.0,,,,0.8,1.038421599169263,0.9744,450.0,,,,,,,,,
LINHA,31.0,32.0,,,,0.8,2.7631942525559547,0.3105,450.0,,,,,,,,,
LINHA,32.0,33.0,,,,0.8,1.8860807242549984,0.341,450.0,,,,,,,,,
DEMANDA,1.0,,1.0,,0.0,,,,,,,,,,,,,
DEMANDA,2.0,,1.0,,0.087462,,,,,,,,,,,,,
DEMANDA,3.0,,1.0,,0.078716,,,,,,,,,,,,,
DEMANDA,4.0,,1.0,,0.104954,,,,,,,,,,,,,
DEMANDA,5.0,,1.0,,0.052477,,,,,,,,,,,,,
DEMANDA,6.0,,1.0,,0.052477,,,,,,,,,,,,,
DEMANDA,7.0,,1.0,,0.174924,,,,,,,,,,,,,
DEMANDA,8.0,,1.0,,0.174924,,,,,,,,,,,,,
DEMANDA,9.0,,1.0,,0.052477,,,,,,,,,,,,,
DEMANDA,10.0,,1.0,,0.052477,,,,,,,,,,,,,
DEMANDA,11.0,,1.0,,0.039358,,,,,,,,,,,,,
DEMANDA,12.0,,1.0,,0.052477,,,,,,,,,,,,,
DEMANDA,13.0,,1.0,,0.052477,,,,,,,,,,,,,
DEMANDA,14.0,,1.0,,0.104954,,,,,,,,,,,,,
DEMANDA,15.0,,1.0,,0.052477,,,,,,,,,,,,,
DEMANDA,16.0,,1.0,,0.052477,,,,,,,,,,,,,
DEMANDA,17.0,,1.0,,0.052477,,,,,,,,,,,,,
DEMANDA,18.0,,1.0,,0.078716,,,,,,,,,,,,,
DEMANDA,19.0,,1.0,,0.078716,,,,,,,,,,,,,
DEMANDA,20.0,,1.0,,0.078716,,,,,,,,,,,,,
DEMANDA,21.0,,1.0,,0.078716,,,,,,,,,,,,,
DEMANDA,22.0,,1.0,,0.078716,,,,,,,,,,,,,
DEMANDA,23.0,,1.0,,0.078716,,,,,,,,,,,,,
DEMANDA,24.0,,1.0,,0.367339,,,,,,,,,,,,,
DEMANDA,25.0,,1.0,,0.367339,,,,,,,,,,,,,
DEMANDA,26.0,,1.0,,0.052477,,,,,,,,,,,,,
DEMANDA,27.0,,1.0,,0.052477,,,,,,,,,,,,,
DEMANDA,28.0,,1.0,,0.052477,,,,,,,,,,,,,
DEMANDA,29.0,,1.0,,0.104954,,,,,,,,,,,,,
DEMANDA,30.0,,1.0,,0.174924,,,,,,,,,,,,,
DEMANDA,31.0,,1.0,,0.131193,,,,,,,,,,,,,
DEMANDA,32.0,,1.0,,0.18367,,,,,,,,,,,,,
DEMANDA,33.0,,1.0,,0.052477,,,,,,,,,,,,,
DEMANDA,1.0,,2.0,,0.0,,,,,,,,,,,,,
DEMANDA,2.0,,2.0,,0.089434,,,,,,,,,,,,,
DEMANDA,3.0,,2.0,,0.080491,,,,,,,,,,,,,
DEMANDA,4.0,,2.0,,0.107321,,,,,,,,,,,,,
DEMANDA,5.0,,2.0,,0.053661,,,,,,,,,,,,,
DEMANDA,6.0,,2.0,,0.053661,,,,,,,,,,,,,
DEMANDA,7.0,,2.0,,0.178869,,,,,,,,,,,,,
DEMANDA,8.0,,2.0,,0.178869,,,,,,,,,,,,,
DEMANDA,9.0,,2.0,,0.053661,,,,,,,,,,,,,
DEMANDA,10.0,,2.0,,0.053661,,,,,,,,,,,,,
DEMANDA,11.0,,2.0,,0.040245,,,,,,,,,,,,,
DEMANDA,12.0,,2.0,,0.053661,,,,,,,,,,,,,
DEMANDA,13.0,,2.0,,0.053661,,,,,,,,,,,,,
DEMANDA,14.0,,2.0,,0.107321,,,,,,,,,,,,,
DEMANDA,15.0,,2.0,,0.053661,,,,,,,,,,,,,
DEMANDA,16.0,,2.0,,0.053661,,,,,,,,,,,,,
DEMANDA,17.0,,2.0,,0.053661,,,,,,,,,,,,,
DEMANDA,18.0,,2.0,,0.080491,,,,,,,,,,,,,
DEMANDA,19.0,,2.0,,0.080491,,,,,,,,,,,,,
DEMANDA,20.0,,2.0,,0.080491,,,,,,,,,,,,,
DEMANDA,21.0,,2.0,,0.080491,,,,,,,,,,,,,
DEMANDA,22.0,,2.0,,0.080491,,,,,,,,,,,,,
DEMANDA,23.0,,2.0,,0.080491,,,,,,,,,,,,,
DEMANDA,24.0,,2.0,,0.375624,,,,,,,,,,,,,
DEMANDA,25.0,,2.0,,0.375624,,,,,,,,,,,,,
DEMANDA,26.0,,2.0,,0.053661,,,,,,,,,,,,,
DEMANDA,27.0,,2.0,,0.053661,,,,,,,,,,,,,
DEMANDA,28.0,,2.0,,0.053661,,,,,,,,,,,,,
DEMANDA,29.0,,2.0,,0.107321,,,,,,,,,,,,,
DEMANDA,30.0,,2.0,,0.178869,,,,,,,,,,,,,
DEMANDA,31.0,,2.0,,0.134151,,,,,,,,,,,,,
DEMANDA,32.0,,2.0,,0.187812,,,,,,,,,,,,,
DEMANDA,33.0,,2.0,,0.053661,,,,,,,,,,,,,
DEMANDA,1.0,,3.0,,0.0,,,,,,,,,,,,,
DEMANDA,2.0,,3.0,,0.090865,,,,,,,,,,,,,
DEMANDA,3.0,,3.0,,0.081778,,,,,,,,,,,,,
DEMANDA,4.0,,3.0,,0.109038,,,,,,,,,,,,,
DEMANDA,5.0,,3.0,,0.054519,,,,,,,,,,,,,
DEMANDA,6.0,,3.0,,0.054519,,,,,,,,,,,,,
DEMANDA,7.0,,3.0,,0.181729,,,,,,,,,,,,,
DEMANDA,8.0,,3.0,,0.181729,,,,,,,,,,,,,
DEMANDA,9.0,,3.0,,0.054519,,,,,,,,,,,,,
DEMANDA,10.0,,3.0,,0.054519,,,,,,,,,,,,,
DEMANDA,11.0,,3.0,,0.040889,,,,,,,,,,,,,
DEMANDA,12.0,,3.0,,0.054519,,,,,,,,,,,,,
DEMANDA,13.0,,3.0,,0.054519,,,,,,,,,,,,,
DEMANDA,14.0,,3.0,,0.109038,,,,,,,,,,,,,
DEMANDA,15.0,,3.0,,0.054519,,,,,,,,,,,,,
DEMANDA,16.0,,3.0,,0.054519,,,,,,,,,,,,,
DEMANDA,17.0,,3.0,,0.054519,,,,,,,,,,,,,
DEMANDA,18.0,,3.0,,0.081778,,,,,,,,,,,,,
DEMANDA,19.0,,3.0,,0.081778,,,,,,,,,,,,,
DEMANDA,20.0,,3.0,,0.081778,,,,,,,,,,,,,
DEMANDA,21.0,,3.0,,0.081778,,,,,,,,,,,,,
DEMANDA,22.0,,3.0,,0.081778,,,,,,,,,,,,,
DEMANDA,23.0,,3.0,,0.081778,,,,,,,,,,,,,
DEMANDA,24.0,,3.0,,0.381632,,,,,,,,,,,,,
DEMANDA,25.0,,3.0,,0.381632,,,,,,,,,,,,,
DEMANDA,26.0,,3.0,,0.054519,,,,,,,,,,,,,
DEMANDA,27.0,,3.0,,0.054519,,,,,,,,,,,,,
DEMANDA,28.0,,3.0,,0.054519,,,,,,,,,,,,,
DEMANDA,29.0,,3.0,,0.109038,,,,,,,,,,,,,
DEMANDA,30.0,,3.0,,0.181729,,,,,,,,,,,,,
DEMANDA,31.0,,3.0,,0.136297,,,,,,,,,,,,,
DEMANDA,32.0,,3.0,,0.190816,,,,,,,,,,,,,
DEMANDA,33.0,,3.0,,0.054519,,,,,,,,,,,,,
DEMANDA,1.0,,4.0,,0.0,,,,,,,,,,,,,
DEMANDA,2.0,,4.0,,0.091522,,,,,,,,,,,,,
DEMANDA,3.0,,4.0,,0.08237,,,,,,,,,,,,,
DEMANDA,4.0,,4.0,,0.109827,,,,,,,,,,,,,
DEMANDA,5.0,,4.0,,0.054913,,,,,,,,,,,,,
DEMANDA,6.0,,4.0,,0.054913,,,,,,,,,,,,,
DEMANDA,7.0,,4.0,,0.183044,,,,,,,,,,,,,
DEMANDA,8.0,,4.0,,0.183044,,,,,,,,,,,,,
DEMANDA,9.0,,4.0,,0.054913,,,,,,,,,,,,,
DEMANDA,10.0,,4.0,,0.054913,,,,,,,,,,,,,
DEMANDA,11.0,,4.0,,0.041185,,,,,,,,,,,,,
DEMANDA,12.0,,4.0,,0.054913,,,,,,,,,,,,,
DEMANDA,13.0,,4.0,,0.054913,,,,,,,,,,,,,
DEMANDA,14.0,,4.0,,0.109827,,,,,,,,,,,,,
DEMANDA,15.0,,4.0,,0.054913,,,,,,,,,,,,,
DEMANDA,16.0,,4.0,,0.054913,,,,,,,,,,,,,
DEMANDA,17.0,,4.0,,0.054913,,,,,,,,,,,,,
DEMANDA,18.0,,4.0,,0.08237,,,,,,,,,,,,,
DEMANDA,19.0,,4.0,,0.08237,,,,,,,,,,,,,
DEMANDA,20.0,,4.0,,0.08237,,,,,,,,,,,,,
DEMANDA,21.0,,4.0,,0.08237,,,,,,,,,,,,,
DEMANDA,22.0,,4.0,,0.08237,,,,,,,,,,,,,
DEMANDA,23.0,,4.0,,0.08237,,,,,,,,,,,,,
DEMANDA,24.0,,4.0,,0.384393,,,,,,,,,,,,,
DEMANDA,25.0,,4.0,,0.384393,,,,,,,,,,,,,
DEMANDA,26.0,,4.0,,0.054913,,,,,,,,,,,,,
DEMANDA,27.0,,4.0,,0.054913,,,,,,,,,,,,,
DEMANDA,28.0,,4.0,,0.054913,,,,,,,,,,,,,
DEMANDA,29.0,,4.0,,0.109827,,,,,,,,,,,,,
DEMANDA,30.0,,4.0,,0.183044,,,,,,,,,,,,,
DEMANDA,31.0,,4.0,,0.137283,,,,,,,,,,,,,
DEMANDA,32.0,,4.0,,0.192197,,,,,,,,,,,,,
DEMANDA,33.0,,4.0,,0.054913,,,,,,,,,,,,,
DEMANDA,1.0,,5.0,,0.0,,,,,,,,,,,,,
DEMANDA,2.0,,5.0,,0.090634,,,,,,,,,,,,,
DEMANDA,3.0,,5.0,,0.08157,,,,,,,,,,,,,
DEMANDA,4.0,,5.0,,0.10876,,,,,,,,,,,,,
DEMANDA,5.0,,5.0,,0.05438,,,,,,,,,,,,,
DEMANDA,6.0,,5.0,,0.05438,,,,,,,,,,,,,
DEMANDA,7.0,,5.0,,0.181267,,,,,,,,,,,,,
DEMANDA,8.0,,5.0,,0.181267,,,,,,,,,,,,,
DEMANDA,9.0,,5.0,,0.05438,,,,,,,,,,,,,
DEMANDA,10.0,,5.0,,0.05438,,,,,,,,,,,,,
DEMANDA,11.0,,5.0,,0.040785,,,,,,,,,,,,,
DEMANDA,12.0,,5.0,,0.05438,,,,,,,,,,,,,
DEMANDA,13.0,,5.0,,0.05438,,,,,,,,,,,,,
DEMANDA,14.0,,5.0,,0.10876,,,,,,,,,,,,,
DEMANDA,15.0,,5.0,,0.05438,,,,,,,,,,,,,
DEMANDA,16.0,,5.0,,0.05438,,,,,,,,,,,,,
DEMANDA,17.0,,5.0,,0.05438,,,,,,,,,,,,,
DEMANDA,18.0,,5.0,,0.08157,,,,,,,,,,,,,
DEMANDA,19.0,,5.0,,0.08157,,,,,,,,,,,,,
DEMANDA,20.0,,5.0,,0.08157,,,,,,,,,,,,,
DEMANDA,21.0,,5.0,,0.08157,,,,,,,,,,,,,
DEMANDA,22.0,,5.0,,0.08157,,,,,,,,,,,,,
DEMANDA,23.0,,5.0,,0.08157,,,,,,,,,,,,,
DEMANDA,24.0,,5.0,,0.380661,,,,,,,,,,,,,
DEMANDA,25.0,,5.0,,0.380661,,,,,,,,,,,,,
DEMANDA,26.0,,5.0,,0.05438,,,,,,,,,,,,,
DEMANDA,27.0,,5.0,,0.05438,,,,,,,,,,,,,
DEMANDA,28.0,,5.0,,0.05438,,,,,,,,,,,,,
DEMANDA,29.0,,5.0,,0.10876,,,,,,,,,,,,,
DEMANDA,30.0,,5.0,,0.181267,,,,,,,,,,,,,
DEMANDA,31.0,,5.0,,0.13595,,,,,,,,,,,,,
DEMANDA,32.0,,5.0,,0.19033,,,,,,,,,,,,,
DEMANDA,33.0,,5.0,,0.05438,,,,,,,,,,,,,
DEMANDA,1.0,,6.0,,0.0,,,,,,,,,,,,,
DEMANDA,2.0,,6.0,,0.085442,,,,,,,,,,,,,
DEMANDA,3.0,,6.0,,0.076898,,,,,,,,,,,,,
DEMANDA,4.0,,6.0,,0.102531,,,,,,,,,,,,,
DEMANDA,5.0,,6.0,,0.051265,,,,,,,,,,,,,
DEMANDA,6.0,,6.0,,0.051265,,,,,,,,,,,,,
DEMANDA,7.0,,6.0,,0.170885,,,,,,,,,,,,,
DEMANDA,8.0,,6.0,,0.170885,,,,,,,,,,,,,
DEMANDA,9.0,,6.0,,0.051265,,,,,,,,,,,,,
DEMANDA,10.0,,6.0,,0.051265,,,,,,,,,,,,,
DEMANDA,11.0,,6.0,,0.038449,,,,,,,,,,,,,
DEMANDA,12.0,,6.0,,0.051265,,,,,,,,,,,,,
DEMANDA,13.0,,6.0,,0.051265,,,,,,,,,,,,,
DEMANDA,14.0,,6.0,,0.102531,,,,,,,,,,,,,
DEMANDA,15.0,,6.0,,0.051265,,,,,,,,,,,,,
DEMANDA,16.0,,6.0,,0.051265,,,,,,,,,,,,,
DEMANDA,17.0,,6.0,,0.051265,,,,,,,,,,,,,
DEMANDA,18.0,,6.0,,0.076898,,,,,,,,,,,,,
DEMANDA,19.0,,6.0,,0.076898,,,,,,,,,,,,,
DEMANDA,20.0,,6.0,,0.076898,,,,,,,,,,,,,
DEMANDA,21.0,,6.0,,0.076898,,,,,,,,,,,,,
DEMANDA,22.0,,6.0,,0.076898,,,,,,,,,,,,,
DEMANDA,23.0,,6.0,,0.076898,,,,,,,,,,,,,
DEMANDA,24.0,,6.0,,0.358858,,,,,,,,,,,,,
DEMANDA,25.0,,6.0,,0.358858,,,,,,,,,,,,,
DEMANDA,26.0,,6.0,,0.051265,,,,,,,,,,,,,
DEMANDA,27.0,,6.0,,0.051265,,,,,,,,,,,,,
DEMANDA,28.0,,6.0,,0.051265,,,,,,,,,,,,,
DEMANDA,29.0,,6.0,,0.102531,,,,,,,,,,,,,
DEMANDA,30.0,,6.0,,0.170885,,,,,,,,,,,,,
DEMANDA,31.0,,6.0,,0.128163,,,,,,,,,,,,,
DEMANDA,32.0,,6.0,,0.179429,,,,,,,,,,,,,
DEMANDA,33.0,,6.0,,0.051265,,,,,,,,,,,,,
DEMANDA,1.0,,7.0,,0.0,,,,,,,,,,,,,
DEMANDA,2.0,,7.0,,0.078978,,,,,,,,,,,,,
DEMANDA,3.0,,7.0,,0.07108,,,,,,,,,,,,,
DEMANDA,4.0,,7.0,,0.094773,,,,,,,,,,,,,
DEMANDA,5.0,,7.0,,0.047387,,,,,,,,,,,,,
DEMANDA,6.0,,7.0,,0.047387,,,,,,,,,,,,,
DEMANDA,7.0,,7.0,,0.157956,,,,,,,,,,,,,
DEMANDA,8.0,,7.0,,0.157956,,,,,,,,,,,,,
DEMANDA,9.0,,7.0,,0.047387,,,,,,,,,,,,,
DEMANDA,10.0,,7.0,,0.047387,,,,,,,,,,,,,
DEMANDA,11.0,,7.0,,0.03554,,,,,,,,,,,,,
DEMANDA,12.0,,7.0,,0.047387,,,,,,,,,,,,,
DEMANDA,13.0,,7.0,,0.047387,,,,,,,,,,,,,
DEMANDA,14.0,,7.0,,0.094773,,,,,,,,,,,,,
DEMANDA,15.0,,7.0,,0.047387,,,,,,,,,,,,,
DEMANDA,16.0,,7.0,,0.047387,,,,,,,,,,,,,
DEMANDA,17.0,,7.0,,0.047387,,,,,,,,,,,,,
DEMANDA,18.0,,7.0,,0.07108,,,,,,,,,,,,,
DEMANDA,19.0,,7.0,,0.07108,,,,,,,,,,,,,
DEMANDA,20.0,,7.0,,0.07108,,,,,,,,,,,,,
DEMANDA,21.0,,7.0,,0.07108,,,,,,,,,,,,,
DEMANDA,22.0,,7.0,,0.07108,,,,,,,,,,,,,
DEMANDA,23.0,,7.0,,0.07108,,,,,,,,,,,,,
DEMANDA,24.0,,7.0,,0.331707,,,,,,,,,,,,,
DEMANDA,25.0,,7.0,,0.331707,,,,,,,,,,,,,
DEMANDA,26.0,,7.0,,0.047387,,,,,,,,,,,,,
DEMANDA,27.0,,7.0,,0.047387,,,,,,,,,,,,,
DEMANDA,28.0,,7.0,,0.047387,,,,,,,,,,,,,
DEMANDA,29.0,,7.0,,0.094773,,,,,,,,,,,,,
DEMANDA,30.0,,7.0,,0.157956,,,,,,,,,,,,,
DEMANDA,31.0,,7.0,,0.118467,,,,,,,,,,,,,
DEMANDA,32.0,,7.0,,0.165854,,,,,,,,,,,,,
DEMANDA,33.0,,7.0,,0.047387,,,,,,,,,,,,,
DEMANDA,1.0,,8.0,,0.0,,,,,,,,,,,,,
DEMANDA,2.0,,8.0,,0.07749,,,,,,,,,,,,,
DEMANDA,3.0,,8.0,,0.069741,,,,,,,,,,,,,
DEMANDA,4.0,,8.0,,0.092988,,,,,,,,,,,,,
DEMANDA,5.0,,8.0,,0.046494,,,,,,,,,,,,,
DEMANDA,6.0,,8.0,,0.046494,,,,,,,,,,,,,
DEMANDA,7.0,,8.0,,0.15498,,,,,,,,,,,,,
DEMANDA,8.0,,8.0,,0.15498,,,,,,,,,,,,,
DEMANDA,9.0,,8.0,,0.046494,,,,,,,,,,,,,
DEMANDA,10.0,,8.0,,0.046494,,,,,,,,,,,,,
DEMANDA,11.0,,8.0,,0.034871,,,,,,,,,,,,,
DEMANDA,12.0,,8.0,,0.046494,,,,,,,,,,,,,
DEMANDA,13.0,,8.0,,0.046494,,,,,,,,,,,,,
DEMANDA,14.0,,8.0,,0.092988,,,,,,,,,,,,,
DEMANDA,15.0,,8.0,,0.046494,,,,,,,,,,,,,
DEMANDA,16.0,,8.0,,0.046494,,,,,,,,,,,,,
DEMANDA,17.0,,8.0,,0.046494,,,,,,,,,,,,,
DEMANDA,18.0,,8.0,,0.069741,,,,,,,,,,,,,
DEMANDA,19.0,,8.0,,0.069741,,,,,,,,,,,,,
DEMANDA,20.0,,8.0,,0.069741,,,,,,,,,,,,,
DEMANDA,21.0,,8.0,,0.069741,,,,,,,,,,,,,
DEMANDA,22.0,,8.0,,0.069741,,,,,,,,,,,,,
DEMANDA,23.0,,8.0,,0.069741,,,,,,,,,,,,,
DEMANDA,24.0,,8.0,,0.325459,,,,,,,,,,,,,
DEMANDA,25.0,,8.0,,0.325459,,,,,,,,,,,,,
DEMANDA,26.0,,8.0,,0.046494,,,,,,,,,,,,,
DEMANDA,27.0,,8.0,,0.046494,,,,,,,,,,,,,
DEMANDA,28.0,,8.0,,0.046494,,,,,,,,,,,,,
DEMANDA,29.0,,8.0,,0.092988,,,,,,,,,,,,,
DEMANDA,30.0,,8.0,,0.15498,,,,,,,,,,,,,
DEMANDA,31.0,,8.0,,0.116235,,,,,,,,,,,,,
DEMANDA,32.0,,8.0,,0.162729,,,,,,,,,,,,,
DEMANDA,33.0,,8.0,,0.046494,,,,,,,,,,,,,
DEMANDA,1.0,,9.0,,0.0,,,,,,,,,,,,,
DEMANDA,2.0,,9.0,,0.074796,,,,,,,,,,,,,
DEMANDA,3.0,,9.0,,0.067316,,,,,,,,,,,,,
DEMANDA,4.0,,9.0,,0.089755,,,,,,,,,,,,,
DEMANDA,5.0,,9.0,,0.044877,,,,,,,,,,,,,
DEMANDA,6.0,,9.0,,0.044877,,,,,,,,,,,,,
DEMANDA,7.0,,9.0,,0.149591,,,,,,,,,,,,,
DEMANDA,8.0,,9.0,,0.149591,,,,,,,,,,,,,
DEMANDA,9.0,,9.0,,0.044877,,,,,,,,,,,,,
DEMANDA,10.0,,9.0,,0.044877,,,,,,,,,,,,,
DEMANDA,11.0,,9.0,,0.033658,,,,,,,,,,,,,
DEMANDA,12.0,,9.0,,0.044877,,,,,,,,,,,,,
DEMANDA,13.0,,9.0,,0.044877,,,,,,,,,,,,,
DEMANDA,14.0,,9.0,,0.089755,,,,,,,,,,,,,
DEMANDA,15.0,,9.0,,0.044877,,,,,,,,,,,,,
DEMANDA,16.0,,9.0,,0.044877,,,,,,,,,,,,,
DEMANDA,17.0,,9.0,,0.044877,,,,,,,,,,,,,
DEMANDA,18.0,,9.0,,0.067316,,,,,,,,,,,,,
DEMANDA,19.0,,9.0,,0.067316,,,,,,,,,,,,,
DEMANDA,20.0,,9.0,,0.067316,,,,,,,,,,,,,
DEMANDA,21.0,,9.0,,0.067316,,,,,,,,,,,,,
DEMANDA,22.0,,9.0,,0.067316,,,,,,,,,,,,,
DEMANDA,23.0,,9.0,,0.067316,,,,,,,,,,,,,
DEMANDA,24.0,,9.0,,0.314142,,,,,,,,,,,,,
DEMANDA,25.0,,9.0,,0.314142,,,,,,,,,,,,,
DEMANDA,26.0,,9.0,,0.044877,,,,,,,,,,,,,
DEMANDA,27.0,,9.0,,0.044877,,,,,,,,,,,,,
DEMANDA,28.0,,9.0,,0.044877,,,,,,,,,,,,,
DEMANDA,29.0,,9.0,,0.089755,,,,,,,,,,,,,
DEMANDA,30.0,,9.0,,0.149591,,,,,,,,,,,,,
DEMANDA,31.0,,9.0,,0.112194,,,,,,,,,,,,,
DEMANDA,32.0,,9.0,,0.157071,,,,,,,,,,,,,
DEMANDA,33.0,,9.0,,0.044877,,,,,,,,,,,,,
DEMANDA,1.0,,10.0,,0.0,,,,,,,,,,,,,
DEMANDA,2.0,,10.0,,0.073074,,,,,,,,,,,,,
DEMANDA,3.0,,10.0,,0.065767,,,,,,,,,,,,,
DEMANDA,4.0,,10.0,,0.087689,,,,,,,,,,,,,
DEMANDA,5.0,,10.0,,0.043844,,,,,,,,,,,,,
DEMANDA,6.0,,10.0,,0.043844,,,,,,,,,,,,,
DEMANDA,7.0,,10.0,,0.146148,,,,,,,,,,,,,
DEMANDA,8.0,,10.0,,0.146148,,,,,,,,,,,,,
DEMANDA,9.0,,10.0,,0.043844,,,,,,,,,,,,,
DEMANDA,10.0,,10.0,,0.043844,,,,,,,,,,,,,
DEMANDA,11.0,,10.0,,0.032883,,,,,,,,,,,,,
DEMANDA,12.0,,10.0,,0.043844,,,,,,,,,,,,,
DEMANDA,13.0,,10.0,,0.043844,,,,,,,,,,,,,
DEMANDA,14.0,,10.0,,0.087689,,,,,,,,,,,,,
DEMANDA,15.0,,10.0,,0.043844,,,,,,,,,,,,,
DEMANDA,16.0,,10.0,,0.043844,,,,,,,,,,,,,
DEMANDA,17.0,,10.0,,0.043844,,,,,,,,,,,,,
DEMANDA,18.0,,10.0,,0.065767,,,,,,,,,,,,,
DEMANDA,19.0,,10.0,,0.065767,,,,,,,,,,,,,
DEMANDA,20.0,,10.0,,0.065767,,,,,,,,,,,,,
DEMANDA,21.0,,10.0,,0.065767,,,,,,,,,,,,,
DEMANDA,22.0,,10.0,,0.065767,,,,,,,,,,,,,
DEMANDA,23.0,,10.0,,0.065767,,,,,,,,,,,,,
DEMANDA,24.0,,10.0,,0.30691,,,,,,,,,,,,,
DEMANDA,25.0,,10.0,,0.30691,,,,,,,,,,,,,
DEMANDA,26.0,,10.0,,0.043844,,,,,,,,,,,,,
DEMANDA,27.0,,10.0,,0.043844,,,,,,,,,,,,,
DEMANDA,28.0,,10.0,,0.043844,,,,,,,,,,,,,
DEMANDA,29.0,,10.0,,0.087689,,,,,,,,,,,,,
DEMANDA,30.0,,10.0,,0.146148,,,,,,,,,,,,,
DEMANDA,31.0,,10.0,,0.109611,,,,,,,,,,,,,
DEMANDA,32.0,,10.0,,0.153455,,,,,,,,,,,,,
DEMANDA,33.0,,10.0,,0.043844,,,,,,,,,,,,,
DEMANDA,1.0,,11.0,,0.0,,,,,,,,,,,,,
DEMANDA,2.0,,11.0,,0.072774,,,,,,,,,,,,,
DEMANDA,3.0,,11.0,,0.065496,,,,,,,,,,,,,
DEMANDA,4.0,,11.0,,0.087329,,,,,,,,,,,,,
DEMANDA,5.0,,11.0,,0.043664,,,,,,,,,,,,,
DEMANDA,6.0,,11.0,,0.043664,,,,,,,,,,,,,
DEMANDA,7.0,,11.0,,0.145548,,,,,,,,,,,,,
DEMANDA,8.0,,11.0,,0.145548,,,,,,,,,,,,,
DEMANDA,9.0,,11.0,,0.043664,,,,,,,,,,,,,
DEMANDA,10.0,,11.0,,0.043664,,,,,,,,,,,,,
DEMANDA,11.0,,11.0,,0.032748,,,,,,,,,,,,,
DEMANDA,12.0,,11.0,,0.043664,,,,,,,,,,,,,
DEMANDA,13.0,,11.0,,0.043664,,,,,,,,,,,,,
DEMANDA,14.0,,11.0,,0.087329,,,,,,,,,,,,,
DEMANDA,15.0,,11.0,,0.043664,,,,,,,,,,,,,
DEMANDA,16.0,,11.0,,0.043664,,,,,,,,,,,,,
DEMANDA,17.0,,11.0,,0.043664,,,,,,,,,,,,,
DEMANDA,18.0,,11.0,,0.065496,,,,,,,,,,,,,
DEMANDA,19.0,,11.0,,0.065496,,,,,,,,,,,,,
DEMANDA,20.0,,11.0,,0.065496,,,,,,,,,,,,,
DEMANDA,21.0,,11.0,,0.065496,,,,,,,,,,,,,
DEMANDA,22.0,,11.0,,0.065496,,,,,,,,,,,,,
DEMANDA,23.0,,11.0,,0.065496,,,,,,,,,,,,,
DEMANDA,24.0,,11.0,,0.30565,,,,,,,,,,,,,
DEMANDA,25.0,,11.0,,0.30565,,,,,,,,,,,,,
DEMANDA,26.0,,11.0,,0.043664,,,,,,,,,,,,,
DEMANDA,27.0,,11.0,,0.043664,,,,,,,,,,,,,
DEMANDA,28.0,,11.0,,0.043664,,,,,,,,,,,,,
DEMANDA,29.0,,11.0,,0.087329,,,,,,,,,,,,,
DEMANDA,30.0,,11.0,,0.145548,,,,,,,,,,,,,
DEMANDA,31.0,,11.0,,0.109161,,,,,,,,,,,,,
DEMANDA,32.0,,11.0,,0.152825,,,,,,,,,,,,,
DEMANDA,33.0,,11.0,,0.043664,,,,,,,,,,,,,
DEMANDA,1.0,,12.0,,0.0,,,,,,,,,,,,,
DEMANDA,2.0,,12.0,,0.072668,,,,,,,,,,,,,
DEMANDA,3.0,,12.0,,0.065401,,,,,,,,,,,,,
DEMANDA,4.0,,12.0,,0.087202,,,,,,,,,,,,,
DEMANDA,5.0,,12.0,,0.043601,,,,,,,,,,,,,
DEMANDA,6.0,,12.0,,0.043601,,,,,,,,,,,,,
DEMANDA,7.0,,12.0,,0.145336,,,,,,,,,,,,,
DEMANDA,8.0,,12.0,,0.145336,,,,,,,,,,,,,
DEMANDA,9.0,,12.0,,0.043601,,,,,,,,,,,,,
DEMANDA,10.0,,12.0,,0.043601,,,,,,,,,,,,,
DEMANDA,11.0,,12.0,,0.032701,,,,,,,,,,,,,
DEMANDA,12.0,,12.0,,0.043601,,,,,,,,,,,,,
DEMANDA,13.0,,12.0,,0.043601,,,,,,,,,,,,,
DEMANDA,14.0,,12.0,,0.087202,,,,,,,,,,,,,
DEMANDA,15.0,,12.0,,0.043601,,,,,,,,,,,,,
DEMANDA,16.0,,12.0,,0.043601,,,,,,,,,,,,,
DEMANDA,17.0,,12.0,,0.043601,,,,,,,,,,,,,
DEMANDA,18.0,,12.0,,0.065401,,,,,,,,,,,,,
DEMANDA,19.0,,12.0,,0.065401,,,,,,,,,,,,,
DEMANDA,20.0,,12.0,,0.065401,,,,,,,,,,,,,
DEMANDA,21.0,,12.0,,0.065401,,,,,,,,,,,,,
DEMANDA,22.0,,12.0,,0.065401,,,,,,,,,,,,,
DEMANDA,23.0,,12.0,,0.065401,,,,,,,,,,,,,
DEMANDA,24.0,,12.0,,0.305206,,,,,,,,,,,,,
DEMANDA,25.0,,12.0,,0.305206,,,,,,,,,,,,,
DEMANDA,26.0,,12.0,,0.043601,,,,,,,,,,,,,
DEMANDA,27.0,,12.0,,0.043601,,,,,,,,,,,,,
DEMANDA,28.0,,12.0,,0.043601,,,,,,,,,,,,,
DEMANDA,29.0,,12.0,,0.087202,,,,,,,,,,,,,
DEMANDA,30.0,,12.0,,0.145336,,,,,,,,,,,,,
DEMANDA,31.0,,12.0,,0.109002,,,,,,,,,,,,,
DEMANDA,32.0,,12.0,,0.152603,,,,,,,,,,,,,
DEMANDA,33.0,,12.0,,0.043601,,,,,,,,,,,,,
DEMANDA,1.0,,13.0,,0.0,,,,,,,,,,,,,
DEMANDA,2.0,,13.0,,0.07131,,,,,,,,,,,,,
DEMANDA,3.0,,13.0,,0.064179,,,,,,,,,,,,,
DEMANDA,4.0,,13.0,,0.085573,,,,,,,,,,,,,
DEMANDA,5.0,,13.0,,0.042786,,,,,,,,,,,,,
DEMANDA,6.0,,13.0,,0.042786,,,,,,,,,,,,,
DEMANDA,7.0,,13.0,,0.142621,,,,,,,,,,,,,
DEMANDA,8.0,,13.0,,0.142621,,,,,,,,,,,,,
DEMANDA,9.0,,13.0,,0.042786,,,,,,,,,,,,,
DEMANDA,10.0,,13.0,,0.042786,,,,,,,,,,,,,
DEMANDA,11.0,,13.0,,0.03209,,,,,,,,,,,,,
DEMANDA,12.0,,13.0,,0.042786,,,,,,,,,,,,,
DEMANDA,13.0,,13.0,,0.042786,,,,,,,,,,,,,
DEMANDA,14.0,,13.0,,0.085573,,,,,,,,,,,,,
DEMANDA,15.0,,13.0,,0.042786,,,,,,,,,,,,,
DEMANDA,16.0,,13.0,,0.042786,,,,,,,,,,,,,
DEMANDA,17.0,,13.0,,0.042786,,,,,,,,,,,,,
DEMANDA,18.0,,13.0,,0.064179,,,,,,,,,,,,,
DEMANDA,19.0,,13.0,,0.064179,,,,,,,,,,,,,
DEMANDA,20.0,,13.0,,0.064179,,,,,,,,,,,,,
DEMANDA,21.0,,13.0,,0.064179,,,,,,,,,,,,,
DEMANDA,22.0,,13.0,,0.064179,,,,,,,,,,,,,
DEMANDA,23.0,,13.0,,0.064179,,,,,,,,,,,,,
DEMANDA,24.0,,13.0,,0.299504,,,,,,,,,,,,,
DEMANDA,25.0,,13.0,,0.299504,,,,,,,,,,,,,
DEMANDA,26.0,,13.0,,0.042786,,,,,,,,,,,,,
DEMANDA,27.0,,13.0,,0.042786,,,,,,,,,,,,,
DEMANDA,28.0,,13.0,,0.042786,,,,,,,,,,,,,
DEMANDA,29.0,,13.0,,0.085573,,,,,,,,,,,,,
DEMANDA,30.0,,13.0,,0.142621,,,,,,,,,,,,,
DEMANDA,31.0,,13.0,,0.106966,,,,,,,,,,,,,
DEMANDA,32.0,,13.0,,0.149752,,,,,,,,,,,,,
DEMANDA,33.0,,13.0,,0.042786,,,,,,,,,,,,,
DEMANDA,1.0,,14.0,,0.0,,,,,,,,,,,,,
DEMANDA,2.0,,14.0,,0.068629,,,,,,,,,,,,,
DEMANDA,3.0,,14.0,,0.061766,,,,,,,,,,,,,
DEMANDA,4.0,,14.0,,0.082354,,,,,,,,,,,,,
DEMANDA,5.0,,14.0,,0.041177,,,,,,,,,,,,,
DEMANDA,6.0,,14.0,,0.041177,,,,,,,,,,,,,
DEMANDA,7.0,,14.0,,0.137257,,,,,,,,,,,,,
DEMANDA,8.0,,14.0,,0.137257,,,,,,,,,,,,,
DEMANDA,9.0,,14.0,,0.041177,,,,,,,,,,,,,
DEMANDA,10.0,,14.0,,0.041177,,,,,,,,,,,,,
DEMANDA,11.0,,14.0,,0.030883,,,,,,,,,,,,,
DEMANDA,12.0,,14.0,,0.041177,,,,,,,,,,,,,
DEMANDA,13.0,,14.0,,0.041177,,,,,,,,,,,,,
DEMANDA,14.0,,14.0,,0.082354,,,,,,,,,,,,,
DEMANDA,15.0,,14.0,,0.041177,,,,,,,,,,,,,
DEMANDA,16.0,,14.0,,0.041177,,,,,,,,,,,,,
DEMANDA,17.0,,14.0,,0.041177,,,,,,,,,,,,,
DEMANDA,18.0,,14.0,,0.061766,,,,,,,,,,,,,
DEMANDA,19.0,,14.0,,0.061766,,,,,,,,,,,,,
DEMANDA,20.0,,14.0,,0.061766,,,,,,,,,,,,,
DEMANDA,21.0,,14.0,,0.061766,,,,,,,,,,,,,
DEMANDA,22.0,,14.0,,0.061766,,,,,,,,,,,,,
DEMANDA,23.0,,14.0,,0.061766,,,,,,,,,,,,,
DEMANDA,24.0,,14.0,,0.28824,,,,,,,,,,,,,
DEMANDA,25.0,,14.0,,0.28824,,,,,,,,,,,,,
DEMANDA,26.0,,14.0,,0.041177,,,,,,,,,,,,,
DEMANDA,27.0,,14.0,,0.041177,,,,,,,,,,,,,
DEMANDA,28.0,,14.0,,0.041177,,,,,,,,,,,,,
DEMANDA,29.0,,14.0,,0.082354,,,,,,,,,,,,,
DEMANDA,30.0,,14.0,,0.137257,,,,,,,,,,,,,
DEMANDA,31.0,,14.0,,0.102943,,,,,,,,,,,,,
DEMANDA,32.0,,14.0,,0.14412,,,,,,,,,,,,,
DEMANDA,33.0,,14.0,,0.041177,,,,,,,,,,,,,
DEMANDA,1.0,,15.0,,0.0,,,,,,,,,,,,,
DEMANDA,2.0,,15.0,,0.068618,,,,,,,,,,,,,
DEMANDA,3.0,,15.0,,0.061756,,,,,,,,,,,,,
DEMANDA,4.0,,15.0,,0.082341,,,,,,,,,,,,,
DEMANDA,5.0,,15.0,,0.041171,,,,,,,,,,,,,
DEMANDA,6.0,,15.0,,0.041171,,,,,,,,,,,,,
DEMANDA,7.0,,15.0,,0.137235,,,,,,,,,,,,,
DEMANDA,8.0,,15.0,,0.137235,,,,,,,,,,,,,
DEMANDA,9.0,,15.0,,0.041171,,,,,,,,,,,,,
DEMANDA,10.0,,15.0,,0.041171,,,,,,,,,,,,,
DEMANDA,11.0,,15.0,,0.030878,,,,,,,,,,,,,
DEMANDA,12.0,,15.0,,0.041171,,,,,,,,,,,,,
DEMANDA,13.0,,15.0,,0.041171,,,,,,,,,,,,,
DEMANDA,14.0,,15.0,,0.082341,,,,,,,,,,,,,
DEMANDA,15.0,,15.0,,0.041171,,,,,,,,,,,,,
DEMANDA,16.0,,15.0,,0.041171,,,,,,,,,,,,,
DEMANDA,17.0,,15.0,,0.041171,,,,,,,,,,,,,
DEMANDA,18.0,,15.0,,0.061756,,,,,,,,,,,,,
DEMANDA,19.0,,15.0,,0.061756,,,,,,,,,,,,,
DEMANDA,20.0,,15.0,,0.061756,,,,,,,,,,,,,
DEMANDA,21.0,,15.0,,0.061756,,,,,,,,,,,,,
DEMANDA,22.0,,15.0,,0.061756,,,,,,,,,,,,,
DEMANDA,23.0,,15.0,,0.061756,,,,,,,,,,,,,
DEMANDA,24.0,,15.0,,0.288194,,,,,,,,,,,,,
DEMANDA,25.0,,15.0,,0.288194,,,,,,,,,,,,,
DEMANDA,26.0,,15.0,,0.041171,,,,,,,,,,,,,
DEMANDA,27.0,,15.0,,0.041171,,,,,,,,,,,,,
DEMANDA,28.0,,15.0,,0.041171,,,,,,,,,,,,,
DEMANDA,29.0,,15.0,,0.082341,,,,,,,,,,,,,
DEMANDA,30.0,,15.0,,0.137235,,,,,,,,,,,,,
DEMANDA,31.0,,15.0,,0.102926,,,,,,,,,,,,,
DEMANDA,32.0,,15.0,,0.144097,,,,,,,,,,,,,
DEMANDA,33.0,,15.0,,0.041171,,,,,,,,,,,,,
DEMANDA,1.0,,16.0,,0.0,,,,,,,,,,,,,
DEMANDA,2.0,,16.0,,0.071564,,,,,,,,,,,,,
DEMANDA,3.0,,16.0,,0.064407,,,,,,,,,,,,,
DEMANDA,4.0,,16.0,,0.085877,,,,,,,,,,,,,
DEMANDA,5.0,,16.0,,0.042938,,,,,,,,,,,,,
DEMANDA,6.0,,16.0,,0.042938,,,,,,,,,,,,,
DEMANDA,7.0,,16.0,,0.143128,,,,,,,,,,,,,
DEMANDA,8.0,,16.0,,0.143128,,,,,,,,,,,,,
DEMANDA,9.0,,16.0,,0.042938,,,,,,,,,,,,,
DEMANDA,10.0,,16.0,,0.042938,,,,,,,,,,,,,
DEMANDA,11.0,,16.0,,0.032204,,,,,,,,,,,,,
DEMANDA,12.0,,16.0,,0.042938,,,,,,,,,,,,,
DEMANDA,13.0,,16.0,,0.042938,,,,,,,,,,,,,
DEMANDA,14.0,,16.0,,0.085877,,,,,,,,,,,,,
DEMANDA,15.0,,16.0,,0.042938,,,,,,,,,,,,,
DEMANDA,16.0,,16.0,,0.042938,,,,,,,,,,,,,
DEMANDA,17.0,,16.0,,0.042938,,,,,,,,,,,,,
DEMANDA,18.0,,16.0,,0.064407,,,,,,,,,,,,,
DEMANDA,19.0,,16.0,,0.064407,,,,,,,,,,,,,
DEMANDA,20.0,,16.0,,0.064407,,,,,,,,,,,,,
DEMANDA,21.0,,16.0,,0.064407,,,,,,,,,,,,,
DEMANDA,22.0,,16.0,,0.064407,,,,,,,,,,,,,
DEMANDA,23.0,,16.0,,0.064407,,,,,,,,,,,,,
DEMANDA,24.0,,16.0,,0.300568,,,,,,,,,,,,,
DEMANDA,25.0,,16.0,,0.300568,,,,,,,,,,,,,
DEMANDA,26.0,,16.0,,0.042938,,,,,,,,,,,,,
DEMANDA,27.0,,16.0,,0.042938,,,,,,,,,,,,,
DEMANDA,28.0,,16.0,,0.042938,,,,,,,,,,,,,
DEMANDA,29.0,,16.0,,0.085877,,,,,,,,,,,,,
DEMANDA,30.0,,16.0,,0.143128,,,,,,,,,,,,,
DEMANDA,31.0,,16.0,,0.107346,,,,,,,,,,,,,
DEMANDA,32.0,,16.0,,0.150284,,,,,,,,,,,,,
DEMANDA,33.0,,16.0,,0.042938,,,,,,,,,,,,,
DEMANDA,1.0,,17.0,,0.0,,,,,,,,,,,,,
DEMANDA,2.0,,17.0,,0.07621,,,,,,,,,,,,,
DEMANDA,3.0,,17.0,,0.068589,,,,,,,,,,,,,
DEMANDA,4.0,,17.0,,0.091452,,,,,,,,,,,,,
DEMANDA,5.0,,17.0,,0.045726,,,,,,,,,,,,,
DEMANDA,6.0,,17.0,,0.045726,,,,,,,,,,,,,
DEMANDA,7.0,,17.0,,0.15242,,,,,,,,,,,,,
DEMANDA,8.0,,17.0,,0.15242,,,,,,,,,,,,,
DEMANDA,9.0,,17.0,,0.045726,,,,,,,,,,,,,
DEMANDA,10.0,,17.0,,0.045726,,,,,,,,,,,,,
DEMANDA,11.0,,17.0,,0.034294,,,,,,,,,,,,,
DEMANDA,12.0,,17.0,,0.045726,,,,,,,,,,,,,
DEMANDA,13.0,,17.0,,0.045726,,,,,,,,,,,,,
DEMANDA,14.0,,17.0,,0.091452,,,,,,,,,,,,,
DEMANDA,15.0,,17.0,,0.045726,,,,,,,,,,,,,
DEMANDA,16.0,,17.0,,0.045726,,,,,,,,,,,,,
DEMANDA,17.0,,17.0,,0.045726,,,,,,,,,,,,,
DEMANDA,18.0,,17.0,,0.068589,,,,,,,,,,,,,
DEMANDA,19.0,,17.0,,0.068589,,,,,,,,,,,,,
DEMANDA,20.0,,17.0,,0.068589,,,,,,,,,,,,,
DEMANDA,21.0,,17.0,,0.068589,,,,,,,,,,,,,
DEMANDA,22.0,,17.0,,0.068589,,,,,,,,,,,,,
DEMANDA,23.0,,17.0,,0.068589,,,,,,,,,,,,,
DEMANDA,24.0,,17.0,,0.320081,,,,,,,,,,,,,
DEMANDA,25.0,,17.0,,0.320081,,,,,,,,,,,,,
DEMANDA,26.0,,17.0,,0.045726,,,,,,,,,,,,,
DEMANDA,27.0,,17.0,,0.045726,,,,,,,,,,,,,
DEMANDA,28.0,,17.0,,0.045726,,,,,,,,,,,,,
DEMANDA,29.0,,17.0,,0.091452,,,,,,,,,,,,,
DEMANDA,30.0,,17.0,,0.15242,,,,,,,,,,,,,
DEMANDA,31.0,,17.0,,0.114315,,,,,,,,,,,,,
DEMANDA,32.0,,17.0,,0.160041,,,,,,,,,,,,,
DEMANDA,33.0,,17.0,,0.045726,,,,,,,,,,,,,
DEMANDA,1.0,,18.0,,0.0,,,,,,,,,,,,,
DEMANDA,2.0,,18.0,,0.081225,,,,,,,,,,,,,
DEMANDA,3.0,,18.0,,0.073103,,,,,,,,,,,,,
DEMANDA,4.0,,18.0,,0.09747,,,,,,,,,,,,,
DEMANDA,5.0,,18.0,,0.048735,,,,,,,,,,,,,
DEMANDA,6.0,,18.0,,0.048735,,,,,,,,,,,,,
DEMANDA,7.0,,18.0,,0.16245,,,,,,,,,,,,,
DEMANDA,8.0,,18.0,,0.16245,,,,,,,,,,,,,
DEMANDA,9.0,,18.0,,0.048735,,,,,,,,,,,,,
DEMANDA,10.0,,18.0,,0.048735,,,,,,,,,,,,,
DEMANDA,11.0,,18.0,,0.036551,,,,,,,,,,,,,
DEMANDA,12.0,,18.0,,0.048735,,,,,,,,,,,,,
DEMANDA,13.0,,18.0,,0.048735,,,,,,,,,,,,,
DEMANDA,14.0,,18.0,,0.09747,,,,,,,,,,,,,
DEMANDA,15.0,,18.0,,0.048735,,,,,,,,,,,,,
DEMANDA,16.0,,18.0,,0.048735,,,,,,,,,,,,,
DEMANDA,17.0,,18.0,,0.048735,,,,,,,,,,,,,
DEMANDA,18.0,,18.0,,0.073103,,,,,,,,,,,,,
DEMANDA,19.0,,18.0,,0.073103,,,,,,,,,,,,,
DEMANDA,20.0,,18.0,,0.073103,,,,,,,,,,,,,
DEMANDA,21.0,,18.0,,0.073103,,,,,,,,,,,,,
DEMANDA,22.0,,18.0,,0.073103,,,,,,,,,,,,,
DEMANDA,23.0,,18.0,,0.073103,,,,,,,,,,,,,
DEMANDA,24.0,,18.0,,0.341146,,,,,,,,,,,,,
DEMANDA,25.0,,18.0,,0.341146,,,,,,,,,,,,,
DEMANDA,26.0,,18.0,,0.048735,,,,,,,,,,,,,
DEMANDA,27.0,,18.0,,0.048735,,,,,,,,,,,,,
DEMANDA,28.0,,18.0,,0.048735,,,,,,,,,,,,,
DEMANDA,29.0,,18.0,,0.09747,,,,,,,,,,,,,
DEMANDA,30.0,,18.0,,0.16245,,,,,,,,,,,,,
DEMANDA,31.0,,18.0,,0.121838,,,,,,,,,,,,,
DEMANDA,32.0,,18.0,,0.170573,,,,,,,,,,,,,
DEMANDA,33.0,,18.0,,0.048735,,,,,,,,,,,,,
DEMANDA,1.0,,19.0,,0.0,,,,,,,,,,,,,
DEMANDA,2.0,,19.0,,0.090785,,,,,,,,,,,,,
DEMANDA,3.0,,19.0,,0.081707,,,,,,,,,,,,,
DEMANDA,4.0,,19.0,,0.108943,,,,,,,,,,,,,
DEMANDA,5.0,,19.0,,0.054471,,,,,,,,,,,,,
DEMANDA,6.0,,19.0,,0.054471,,,,,,,,,,,,,
DEMANDA,7.0,,19.0,,0.181571,,,,,,,,,,,,,
DEMANDA,8.0,,19.0,,0.181571,,,,,,,,,,,,,
DEMANDA,9.0,,19.0,,0.054471,,,,,,,,,,,,,
DEMANDA,10.0,,19.0,,0.054471,,,,,,,,,,,,,
DEMANDA,11.0,,19.0,,0.040853,,,,,,,,,,,,,
DEMANDA,12.0,,19.0,,0.054471,,,,,,,,,,,,,
DEMANDA,13.0,,19.0,,0.054471,,,,,,,,,,,,,
DEMANDA,14.0,,19.0,,0.108943,,,,,,,,,,,,,
DEMANDA,15.0,,19.0,,0.054471,,,,,,,,,,,,,
DEMANDA,16.0,,19.0,,0.054471,,,,,,,,,,,,,
DEMANDA,17.0,,19.0,,0.054471,,,,,,,,,,,,,
DEMANDA,18.0,,19.0,,0.081707,,,,,,,,,,,,,
DEMANDA,19.0,,19.0,,0.081707,,,,,,,,,,,,,
DEMANDA,20.0,,19.0,,0.081707,,,,,,,,,,,,,
DEMANDA,21.0,,19.0,,0.081707,,,,,,,,,,,,,
DEMANDA,22.0,,19.0,,0.081707,,,,,,,,,,,,,
DEMANDA,23.0,,19.0,,0.081707,,,,,,,,,,,,,
DEMANDA,24.0,,19.0,,0.381299,,,,,,,,,,,,,
DEMANDA,25.0,,19.0,,0.381299,,,,,,,,,,,,,
DEMANDA,26.0,,19.0,,0.054471,,,,,,,,,,,,,
DEMANDA,27.0,,19.0,,0.054471,,,,,,,,,,,,,
DEMANDA,28.0,,19.0,,0.054471,,,,,,,,,,,,,
DEMANDA,29.0,,19.0,,0.108943,,,,,,,,,,,,,
DEMANDA,30.0,,19.0,,0.181571,,,,,,,,,,,,,
DEMANDA,31.0,,19.0,,0.136178,,,,,,,,,,,,,
DEMANDA,32.0,,19.0,,0.190649,,,,,,,,,,,,,
DEMANDA,33.0,,19.0,,0.054471,,,,,,,,,,,,,
DEMANDA,1.0,,20.0,,0.0,,,,,,,,,,,,,
DEMANDA,2.0,,20.0,,0.093383,,,,,,,,,,,,,
DEMANDA,3.0,,20.0,,0.084045,,,,,,,,,,,,,
DEMANDA,4.0,,20.0,,0.11206,,,,,,,,,,,,,
DEMANDA,5.0,,20.0,,0.05603,,,,,,,,,,,,,
DEMANDA,6.0,,20.0,,0.05603,,,,,,,,,,,,,
DEMANDA,7.0,,20.0,,0.186766,,,,,,,,,,,,,
DEMANDA,8.0,,20.0,,0.186766,,,,,,,,,,,,,
DEMANDA,9.0,,20.0,,0.05603,,,,,,,,,,,,,
DEMANDA,10.0,,20.0,,0.05603,,,,,,,,,,,,,
DEMANDA,11.0,,20.0,,0.042022,,,,,,,,,,,,,
DEMANDA,12.0,,20.0,,0.05603,,,,,,,,,,,,,
DEMANDA,13.0,,20.0,,0.05603,,,,,,,,,,,,,
DEMANDA,14.0,,20.0,,0.11206,,,,,,,,,,,,,
DEMANDA,15.0,,20.0,,0.05603,,,,,,,,,,,,,
DEMANDA,16.0,,20.0,,0.05603,,,,,,,,,,,,,
DEMANDA,17.0,,20.0,,0.05603,,,,,,,,,,,,,
DEMANDA,18.0,,20.0,,0.084045,,,,,,,,,,,,,
DEMANDA,19.0,,20.0,,0.084045,,,,,,,,,,,,,
DEMANDA,20.0,,20.0,,0.084045,,,,,,,,,,,,,
DEMANDA,21.0,,20.0,,0.084045,,,,,,,,,,,,,
DEMANDA,22.0,,20.0,,0.084045,,,,,,,,,,,,,
DEMANDA,23.0,,20.0,,0.084045,,,,,,,,,,,,,
DEMANDA,24.0,,20.0,,0.392209,,,,,,,,,,,,,
DEMANDA,25.0,,20.0,,0.392209,,,,,,,,,,,,,
DEMANDA,26.0,,20.0,,0.05603,,,,,,,,,,,,,
DEMANDA,27.0,,20.0,,0.05603,,,,,,,,,,,,,
DEMANDA,28.0,,20.0,,0.05603,,,,,,,,,,,,,
DEMANDA,29.0,,20.0,,0.11206,,,,,,,,,,,,,
DEMANDA,30.0,,20.0,,0.186766,,,,,,,,,,,,,
DEMANDA,31.0,,20.0,,0.140075,,,,,,,,,,,,,
DEMANDA,32.0,,20.0,,0.196105,,,,,,,,,,,,,
DEMANDA,33.0,,20.0,,0.05603,,,,,,,,,,,,,
DEMANDA,1.0,,21.0,,0.0,,,,,,,,,,,,,
DEMANDA,2.0,,21.0,,0.094307,,,,,,,,,,,,,
DEMANDA,3.0,,21.0,,0.084876,,,,,,,,,,,,,
DEMANDA,4.0,,21.0,,0.113168,,,,,,,,,,,,,
DEMANDA,5.0,,21.0,,0.056584,,,,,,,,,,,,,
DEMANDA,6.0,,21.0,,0.056584,,,,,,,,,,,,,
DEMANDA,7.0,,21.0,,0.188613,,,,,,,,,,,,,
DEMANDA,8.0,,21.0,,0.188613,,,,,,,,,,,,,
DEMANDA,9.0,,21.0,,0.056584,,,,,,,,,,,,,
DEMANDA,10.0,,21.0,,0.056584,,,,,,,,,,,,,
DEMANDA,11.0,,21.0,,0.042438,,,,,,,,,,,,,
DEMANDA,12.0,,21.0,,0.056584,,,,,,,,,,,,,
DEMANDA,13.0,,21.0,,0.056584,,,,,,,,,,,,,
DEMANDA,14.0,,21.0,,0.113168,,,,,,,,,,,,,
DEMANDA,15.0,,21.0,,0.056584,,,,,,,,,,,,,
DEMANDA,16.0,,21.0,,0.056584,,,,,,,,,,,,,
DEMANDA,17.0,,21.0,,0.056584,,,,,,,,,,,,,
DEMANDA,18.0,,21.0,,0.084876,,,,,,,,,,,,,
DEMANDA,19.0,,21.0,,0.084876,,,,,,,,,,,,,
DEMANDA,20.0,,21.0,,0.084876,,,,,,,,,,,,,
DEMANDA,21.0,,21.0,,0.084876,,,,,,,,,,,,,
DEMANDA,22.0,,21.0,,0.084876,,,,,,,,,,,,,
DEMANDA,23.0,,21.0,,0.084876,,,,,,,,,,,,,
DEMANDA,24.0,,21.0,,0.396088,,,,,,,,,,,,,
DEMANDA,25.0,,21.0,,0.396088,,,,,,,,,,,,,
DEMANDA,26.0,,21.0,,0.056584,,,,,,,,,,,,,
DEMANDA,27.0,,21.0,,0.056584,,,,,,,,,,,,,
DEMANDA,28.0,,21.0,,0.056584,,,,,,,,,,,,,
DEMANDA,29.0,,21.0,,0.113168,,,,,,,,,,,,,
DEMANDA,30.0,,21.0,,0.188613,,,,,,,,,,,,,
DEMANDA,31.0,,21.0,,0.14146,,,,,,,,,,,,,
DEMANDA,32.0,,21.0,,0.198044,,,,,,,,,,,,,
DEMANDA,33.0,,21.0,,0.056584,,,,,,,,,,,,,
DEMANDA,1.0,,22.0,,0.0,,,,,,,,,,,,,
DEMANDA,2.0,,22.0,,0.097602,,,,,,,,,,,,,
DEMANDA,3.0,,22.0,,0.087842,,,,,,,,,,,,,
DEMANDA,4.0,,22.0,,0.117122,,,,,,,,,,,,,
DEMANDA,5.0,,22.0,,0.058561,,,,,,,,,,,,,
DEMANDA,6.0,,22.0,,0.058561,,,,,,,,,,,,,
DEMANDA,7.0,,22.0,,0.195204,,,,,,,,,,,,,
DEMANDA,8.0,,22.0,,0.195204,,,,,,,,,,,,,
DEMANDA,9.0,,22.0,,0.058561,,,,,,,,,,,,,
DEMANDA,10.0,,22.0,,0.058561,,,,,,,,,,,,,
DEMANDA,11.0,,22.0,,0.043921,,,,,,,,,,,,,
DEMANDA,12.0,,22.0,,0.058561,,,,,,,,,,,,,
DEMANDA,13.0,,22.0,,0.058561,,,,,,,,,,,,,
DEMANDA,14.0,,22.0,,0.117122,,,,,,,,,,,,,
DEMANDA,15.0,,22.0,,0.058561,,,,,,,,,,,,,
DEMANDA,16.0,,22.0,,0.058561,,,,,,,,,,,,,
DEMANDA,17.0,,22.0,,0.058561,,,,,,,,,,,,,
DEMANDA,18.0,,22.0,,0.087842,,,,,,,,,,,,,
DEMANDA,19.0,,22.0,,0.087842,,,,,,,,,,,,,
DEMANDA,20.0,,22.0,,0.087842,,,,,,,,,,,,,
DEMANDA,21.0,,22.0,,0.087842,,,,,,,,,,,,,
DEMANDA,22.0,,22.0,,0.087842,,,,,,,,,,,,,
DEMANDA,23.0,,22.0,,0.087842,,,,,,,,,,,,,
DEMANDA,24.0,,22.0,,0.409928,,,,,,,,,,,,,
DEMANDA,25.0,,22.0,,0.409928,,,,,,,,,,,,,
DEMANDA,26.0,,22.0,,0.058561,,,,,,,,,,,,,
DEMANDA,27.0,,22.0,,0.058561,,,,,,,,,,,,,
DEMANDA,28.0,,22.0,,0.058561,,,,,,,,,,,,,
DEMANDA,29.0,,22.0,,0.117122,,,,,,,,,,,,,
DEMANDA,30.0,,22.0,,0.195204,,,,,,,,,,,,,
DEMANDA,31.0,,22.0,,0.146403,,,,,,,,,,,,,
DEMANDA,32.0,,22.0,,0.204964,,,,,,,,,,,,,
DEMANDA,33.0,,22.0,,0.058561,,,,,,,,,,,,,
DEMANDA,1.0,,23.0,,0.0,,,,,,,,,,,,,
DEMANDA,2.0,,23.0,,0.1,,,,,,,,,,,,,
DEMANDA,3.0,,23.0,,0.09,,,,,,,,,,,,,
DEMANDA,4.0,,23.0,,0.12,,,,,,,,,,,,,
DEMANDA,5.0,,23.0,,0.06,,,,,,,,,,,,,
DEMANDA,6.0,,23.0,,0.06,,,,,,,,,,,,,
DEMANDA,7.0,,23.0,,0.2,,,,,,,,,,,,,
DEMANDA,8.0,,23.0,,0.2,,,,,,,,,,,,,
DEMANDA,9.0,,23.0,,0.06,,,,,,,,,,,,,
DEMANDA,10.0,,23.0,,0.06,,,,,,,,,,,,,
DEMANDA,11.0,,23.0,,0.045,,,,,,,,,,,,,
DEMANDA,12.0,,23.0,,0.06,,,,,,,,,,,,,
DEMANDA,13.0,,23.0,,0.06,,,,,,,,,,,,,
DEMANDA,14.0,,23.0,,0.12,,,,,,,,,,,,,
DEMANDA,15.0,,23.0,,0.06,,,,,,,,,,,,,
DEMANDA,16.0,,23.0,,0.06,,,,,,,,,,,,,
DEMANDA,17.0,,23.0,,0.06,,,,,,,,,,,,,
DEMANDA,18.0,,23.0,,0.09,,,,,,,,,,,,,
DEMANDA,19.0,,23.0,,0.09,,,,,,,,,,,,,
DEMANDA,20.0,,23.0,,0.09,,,,,,,,,,,,,
DEMANDA,21.0,,23.0,,0.09,,,,,,,,,,,,,
DEMANDA,22.0,,23.0,,0.09,,,,,,,,,,,,,
DEMANDA,23.0,,23.0,,0.09,,,,,,,,,,,,,
DEMANDA,24.0,,23.0,,0.42,,,,,,,,,,,,,
DEMANDA,25.0,,23.0,,0.42,,,,,,,,,,,,,
DEMANDA,26.0,,23.0,,0.06,,,,,,,,,,,,,
DEMANDA,27.0,,23.0,,0.06,,,,,,,,,,,,,
DEMANDA,28.0,,23.0,,0.06,,,,,,,,,,,,,
DEMANDA,29.0,,23.0,,0.12,,,,,,,,,,,,,
DEMANDA,30.0,,23.0,,0.2,,,,,,,,,,,,,
DEMANDA,31.0,,23.0,,0.15,,,,,,,,,,,,,
DEMANDA,32.0,,23.0,,0.21,,,,,,,,,,,,,
DEMANDA,33.0,,23.0,,0.06,,,,,,,,,,,,,
DEMANDA,1.0,,24.0,,0.0,,,,,,,,,,,,,
DEMANDA,2.0,,24.0,,0.099772,,,,,,,,,,,,,
DEMANDA,3.0,,24.0,,0.089795,,,,,,,,,,,,,
DEMANDA,4.0,,24.0,,0.119727,,,,,,,,,,,,,
DEMANDA,5.0,,24.0,,0.059863,,,,,,,,,,,,,
DEMANDA,6.0,,24.0,,0.059863,,,,,,,,,,,,,
DEMANDA,7.0,,24.0,,0.199544,,,,,,,,,,,,,
DEMANDA,8.0,,24.0,,0.199544,,,,,,,,,,,,,
DEMANDA,9.0,,24.0,,0.059863,,,,,,,,,,,,,
DEMANDA,10.0,,24.0,,0.059863,,,,,,,,,,,,,
DEMANDA,11.0,,24.0,,0.044897,,,,,,,,,,,,,
DEMANDA,12.0,,24.0,,0.059863,,,,,,,,,,,,,
DEMANDA,13.0,,24.0,,0.059863,,,,,,,,,,,,,
DEMANDA,14.0,,24.0,,0.119727,,,,,,,,,,,,,
DEMANDA,15.0,,24.0,,0.059863,,,,,,,,,,,,,
DEMANDA,16.0,,24.0,,0.059863,,,,,,,,,,,,,
DEMANDA,17.0,,24.0,,0.059863,,,,,,,,,,,,,
DEMANDA,18.0,,24.0,,0.089795,,,,,,,,,,,,,
DEMANDA,19.0,,24.0,,0.089795,,,,,,,,,,,,,
DEMANDA,20.0,,24.0,,0.089795,,,,,,,,,,,,,
DEMANDA,21.0,,24.0,,0.089795,,,,,,,,,,,,,
DEMANDA,22.0,,24.0,,0.089795,,,,,,,,,,,,,
DEMANDA,23.0,,24.0,,0.089795,,,,,,,,,,,,,
DEMANDA,24.0,,24.0,,0.419043,,,,,,,,,,,,,
DEMANDA,25.0,,24.0,,0.419043,,,,,,,,,,,,,
DEMANDA,26.0,,24.0,,0.059863,,,,,,,,,,,,,
DEMANDA,27.0,,24.0,,0.059863,,,,,,,,,,,,,
DEMANDA,28.0,,24.0,,0.059863,,,,,,,,,,,,,
DEMANDA,29.0,,24.0,,0.119727,,,,,,,,,,,,,
DEMANDA,30.0,,24.0,,0.199544,,,,,,,,,,,,,
DEMANDA,31.0,,24.0,,0.149658,,,,,,,,,,,,,
DEMANDA,32.0,,24.0,,0.209522,,,,,,,,,,,,,
DEMANDA,33.0,,24.0,,0.059863,,,,,,,,,,,,,
ATIVO,6.0,,,solar,,,,,,,,,,,,,,
CUSTO_CURT,6.0,,,,4000.0,,,,,,,,,,,,,
SOLAR,6.0,,1.0,,0.0,,,,,,,,,,,,,
SOLAR,6.0,,2.0,,0.0,,,,,,,,,,,,,
SOLAR,6.0,,3.0,,0.0,,,,,,,,,,,,,
SOLAR,6.0,,4.0,,0.0,,,,,,,,,,,,,
SOLAR,6.0,,5.0,,0.0,,,,,,,,,,,,,
SOLAR,6.0,,6.0,,0.012,,,,,,,,,,,,,
SOLAR,6.0,,7.0,,0.048,,,,,,,,,,,,,
SOLAR,6.0,,8.0,,0.1,,,,,,,,,,,,,
SOLAR,6.0,,9.0,,0.18,,,,,,,,,,,,,
SOLAR,6.0,,10.0,,0.26,,,,,,,,,,,,,
SOLAR,6.0,,11.0,,0.32,,,,,,,,,,,,,
SOLAR,6.0,,12.0,,0.368,,,,,,,,,,,,,
SOLAR,6.0,,13.0,,0.4,,,,,,,,,,,,,
SOLAR,6.0,,14.0,,0.384,,,,,,,,,,,,,
SOLAR,6.0,,15.0,,0.336,,,,,,,,,,,,,
SOLAR,6.0,,16.0,,0.26,,,,,,,,,,,,,
SOLAR,6.0,,17.0,,0.152,,,,,,,,,,,,,
SOLAR,6.0,,18.0,,0.06,,,,,,,,,,,,,
SOLAR,6.0,,19.0,,0.012,,,,,,,,,,,,,
SOLAR,6.0,,20.0,,0.0,,,,,,,,,,,,,
SOLAR,6.0,,21.0,,0.0,,,,,,,,,,,,,
SOLAR,6.0,,22.0,,0.0,,,,,,,,,,,,,
SOLAR,6.0,,23.0,,0.0,,,,,,,,,,,,,
SOLAR,6.0,,24.0,,0.0,,,,,,,,,,,,,
ATIVO,14.0,,,solar,,,,,,,,,,,,,,
CUSTO_CURT,14.0,,,,4000.0,,,,,,,,,,,,,
SOLAR,14.0,,1.0,,0.0,,,,,,,,,,,,,
SOLAR,14.0,,2.0,,0.0,,,,,,,,,,,,,
SOLAR,14.0,,3.0,,0.0,,,,,,,,,,,,,
SOLAR,14.0,,4.0,,0.0,,,,,,,,,,,,,
SOLAR,14.0,,5.0,,0.0,,,,,,,,,,,,,
SOLAR,14.0,,6.0,,0.0105,,,,,,,,,,,,,
SOLAR,14.0,,7.0,,0.042,,,,,,,,,,,,,
SOLAR,14.0,,8.0,,0.0875,,,,,,,,,,,,,
SOLAR,14.0,,9.0,,0.1575,,,,,,,,,,,,,
SOLAR,14.0,,10.0,,0.2275,,,,,,,,,,,,,
SOLAR,14.0,,11.0,,0.28,,,,,,,,,,,,,
SOLAR,14.0,,12.0,,0.322,,,,,,,,,,,,,
SOLAR,14.0,,13.0,,0.35,,,,,,,,,,,,,
SOLAR,14.0,,14.0,,0.336,,,,,,,,,,,,,
SOLAR,14.0,,15.0,,0.294,,,,,,,,,,,,,
SOLAR,14.0,,16.0,,0.2275,,,,,,,,,,,,,
SOLAR,14.0,,17.0,,0.133,,,,,,,,,,,,,
SOLAR,14.0,,18.0,,0.0525,,,,,,,,,,,,,
SOLAR,14.0,,19.0,,0.0105,,,,,,,,,,,,,
SOLAR,14.0,,20.0,,0.0,,,,,,,,,,,,,
SOLAR,14.0,,21.0,,0.0,,,,,,,,,,,,,
SOLAR,14.0,,22.0,,0.0,,,,,,,,,,,,,
SOLAR,14.0,,23.0,,0.0,,,,,,,,,,,,,
SOLAR,14.0,,24.0,,0.0,,,,,,,,,,,,,
ATIVO,25.0,,,solar,,,,,,,,,,,,,,
CUSTO_CURT,25.0,,,,4000.0,,,,,,,,,,,,,
SOLAR,25.0,,1.0,,0.0,,,,,,,,,,,,,
SOLAR,25.0,,2.0,,0.0,,,,,,,,,,,,,
SOLAR,25.0,,3.0,,0.0,,,,,,,,,,,,,
SOLAR,25.0,,4.0,,0.0,,,,,,,,,,,,,
SOLAR,25.0,,5.0,,0.0,,,,,,,,,,,,,
SOLAR,25.0,,6.0,,0.0135,,,,,,,,,,,,,
SOLAR,25.0,,7.0,,0.054,,,,,,,,,,,,,
SOLAR,25.0,,8.0,,0.1125,,,,,,,,,,,,,
SOLAR,25.0,,9.0,,0.2025,,,,,,,,,,,,,
SOLAR,25.0,,10.0,,0.2925,,,,,,,,,,,,,
SOLAR,25.0,,11.0,,0.36,,,,,,,,,,,,,
SOLAR,25.0,,12.0,,0.414,,,,,,,,,,,,,
SOLAR,25.0,,13.0,,0.45,,,,,,,,,,,,,
SOLAR,25.0,,14.0,,0.432,,,,,,,,,,,,,
SOLAR,25.0,,15.0,,0.378,,,,,,,,,,,,,
SOLAR,25.0,,16.0,,0.2925,,,,,,,,,,,,,
SOLAR,25.0,,17.0,,0.171,,,,,,,,,,,,,
SOLAR,25.0,,18.0,,0.0675,,,,,,,,,,,,,
SOLAR,25.0,,19.0,,0.0135,,,,,,,,,,,,,
SOLAR,25.0,,20.0,,0.0,,,,,,,,,,,,,
SOLAR,25.0,,21.0,,0.0,,,,,,,,,,,,,
SOLAR,25.0,,22.0,,0.0,,,,,,,,,,,,,
SOLAR,25.0,,23.0,,0.0,,,,,,,,,,,,,
SOLAR,25.0,,24.0,,0.0,,,,,,,,,,,,,
ATIVO,18.0,,,eolica,,,,,,,,,,,,,,
CUSTO_CURT,18.0,,,,4000.0,,,,,,,,,,,,,
EOLICA,18.0,,1.0,,0.408,,,,,,,,,,,,,
EOLICA,18.0,,2.0,,0.42,,,,,,,,,,,,,
EOLICA,18.0,,3.0,,0.432,,,,,,,,,,,,,
EOLICA,18.0,,4.0,,0.444,,,,,,,,,,,,,
EOLICA,18.0,,5.0,,0.42,,,,,,,,,,,,,
EOLICA,18.0,,6.0,,0.396,,,,,,,,,,,,,
EOLICA,18.0,,7.0,,0.36,,,,,,,,,,,,,
EOLICA,18.0,,8.0,,0.33,,,,,,,,,,,,,
EOLICA,18.0,,9.0,,0.3,,,,,,,,,,,,,
EOLICA,18.0,,10.0,,0.276,,,,,,,,,,,,,
EOLICA,18.0,,11.0,,0.264,,,,,,,,,,,,,
EOLICA,18.0,,12.0,,0.252,,,,,,,,,,,,,
EOLICA,18.0,,13.0,,0.24,,,,,,,,,,,,,
EOLICA,18.0,,14.0,,0.228,,,,,,,,,,,,,
EOLICA,18.0,,15.0,,0.24,,,,,,,,,,,,,
EOLICA,18.0,,16.0,,0.27,,,,,,,,,,,,,
EOLICA,18.0,,17.0,,0.312,,,,,,,,,,,,,
EOLICA,18.0,,18.0,,0.372,,,,,,,,,,,,,
EOLICA,18.0,,19.0,,0.432,,,,,,,,,,,,,
EOLICA,18.0,,20.0,,0.48,,,,,,,,,,,,,
EOLICA,18.0,,21.0,,0.516,,,,,,,,,,,,,
EOLICA,18.0,,22.0,,0.54,,,,,,,,,,,,,
EOLICA,18.0,,23.0,,0.504,,,,,,,,,,,,,
EOLICA,18.0,,24.0,,0.456,,,,,,,,,,,,,
ATIVO,30.0,,,eolica,,,,,,,,,,,,,,
CUSTO_CURT,30.0,,,,4000.0,,,,,,,,,,,,,
EOLICA,30.0,,1.0,,0.374,,,,,,,,,,,,,
EOLICA,30.0,,2.0,,0.385,,,,,,,,,,,,,
EOLICA,30.0,,3.0,,0.396,,,,,,,,,,,,,
EOLICA,30.0,,4.0,,0.407,,,,,,,,,,,,,
EOLICA,30.0,,5.0,,0.385,,,,,,,,,,,,,
EOLICA,30.0,,6.0,,0.363,,,,,,,,,,,,,
EOLICA,30.0,,7.0,,0.33,,,,,,,,,,,,,
EOLICA,30.0,,8.0,,0.3025,,,,,,,,,,,,,
EOLICA,30.0,,9.0,,0.275,,,,,,,,,,,,,
EOLICA,30.0,,10.0,,0.253,,,,,,,,,,,,,
EOLICA,30.0,,11.0,,0.242,,,,,,,,,,,,,
EOLICA,30.0,,12.0,,0.231,,,,,,,,,,,,,
EOLICA,30.0,,13.0,,0.22,,,,,,,,,,,,,
EOLICA,30.0,,14.0,,0.209,,,,,,,,,,,,,
EOLICA,30.0,,15.0,,0.22,,,,,,,,,,,,,
EOLICA,30.0,,16.0,,0.2475,,,,,,,,,,,,,
EOLICA,30.0,,17.0,,0.286,,,,,,,,,,,,,
EOLICA,30.0,,18.0,,0.341,,,,,,,,,,,,,
EOLICA,30.0,,19.0,,0.396,,,,,,,,,,,,,
EOLICA,30.0,,20.0,,0.44,,,,,,,,,,,,,
EOLICA,30.0,,21.0,,0.473,,,,,,,,,,,,,
EOLICA,30.0,,22.0,,0.495,,,,,,,,,,,,,
EOLICA,30.0,,23.0,,0.462,,,,,,,,,,,,,
EOLICA,30.0,,24.0,,0.418,,,,,,,,,,,,,
ATIVO,6.0,,,bateria,,,,,,,,,,,,,,
BATERIA,6.0,,,,,,,,,0.95,0.95,0.2,0.2,0.1,0.5,0.25,12.0,18.0
ATIVO,25.0,,,bateria,,,,,,,,,,,,,,
BATERIA,25.0,,,,,,,,,0.95,0.95,0.2,0.2,0.1,0.5,0.25,12.0,18.0
